,Age,IncomeNeed,RiskPropension,ProtectionNeed,InheritanceIndex
0,54.5754,0.3387907912959996,0.4889385487700015,0.3761637473342003,0.4848379341424012
1,17.574324630472795,0.18851683037374994,0.1309070046966576,0.2112000777561651,0.1990102751660347
